text,size
said,209
trump,159
president,93
new,88
border,83
states,70
would,66
page,60
white,57
house,57
years,53
united,50
tuesday,49
think,49
state,48
year,48
national,47
also,46
administration,46
people,45
york,45
standards,43
last,42
pruitt,41
king,40
please,39
one,38
like,36
american,36
campaign,35
washington,35
times,35
obama,33
mexico,32
trumps,32
tell,31
time,31
could,31
california,31
military,31
home,30
percent,30
first,30
must,29
since,29
interested,29
federal,28
many,28
get,28
law,28
rights,27
april,27
two,27
country,27
guard,26
brown,26
monday,26
see,26
feedback,25
wine,25
back,25
general,24
youre,24
women,24
epa,24
prison,24
including,24
still,23
officials,23
former,23
newsletter,23
political,23
cars,23
say,23
even,23
going,23
view,22
address,22
box,22
group,22
war,21
central,21
month,21
made,21
days,21
week,21
report,20
congress,20
newsletters,20
civil,20
court,20
act,20
twitter,20
staff,19
wall,19
members,19
use,19
select,19
subscribe,19
day,19
clicking,19
set,19
verify,19
invalid,19
democratic,19
office,19
robot,19
nations,19
part,19
reenter,19
news,18
memphis,18
caravan,18
putin,18
business,18
less,18
kla,18
emissions,18
according,18
chief,17
told,17
called,17
census,17
article,17
support,17
troops,17
european,17
china,17
leader,17
kosovo,17
inmates,17
republican,16
edt,16
reporting,16
chinese,16
barack,16
long,16
presidents,16
live,16
well,16
recent,16
migrants,16
kings,16
countries,16
whether,15
make,15
asked,15
donald,15
trucks,15
really,15
leaders,15
order,15
waiver,15
laws,15
want,14
mississippi,14
mexican,14
inmate,14
run,14
several,14
place,14
number,14
nation,14
may,14
hes,14
look,14
economy,14
todays,14
amazon,14
forces,14
might,14
reporters,14
later,14
way,13
much,13
company,13
call,13
union,13
past,13
dont,13
morning,13
top,13
associated,13
market,13
sent,13
guards,13
agency,13
plan,13
ago,13
left,13
official,12
race,12
question,12
protection,12
version,12
big,12
david,12
black,12
come,12
congressional,12
end,12
know,12
environmental,12
southern,12
march,12
world,12
obamaera,12
night,12
today,12
around,12
light,12
among,12
began,12
issues,12
sign,12
holder,12
east,12
came,12
fuel,12
scott,11
earlier,11
automakers,11
speech,11
violence,11
good,11
attorney,11
george,11
strategy,11
job,11
government,11
miles,11
major,11
making,11
luther,11
toward,11
efforts,11
air,11
case,11
thats,11
martin,11
fact,11
whose,11
policy,11
far,11
russian,10
economic,10
briefing,10
russia,10
building,10
america,10
administrations,10
cases,10
illegal,10
message,10
online,10
john,10
work,10
climate,10
every,10
appears,10
never,10
children,10
prisons,10
life,10
islamic,10
americans,10
used,10
young,10
bush,10
legal,10
old,10
wanted,10
presidential,10
accused,10
californias,10
health,10
thought,10
head,10
nearly,10
center,10
papersubscribe,9
things,9
person,9
foreign,9
clean,9
print,9
move,9
enforcement,9
justice,9
described,9
defense,9
known,9
evidence,9
department,9
nicks,9
progress,9
international,9
buy,9
despite,9
little,9
reports,9
workers,9
done,9
men,9
three,9
cant,9
using,9
davis,9
questions,9
calling,9
take,9
vehicle,9
james,9
heres,9
issue,9
room,9
special,9
keep,9
honduras,9
crimes,9
hong,9
headline,9
devils,9
decision,9
director,9
hope,9
campaigns,9
led,9
statement,9
jeff,9
become,9
bottles,9
cut,9
man,9
press,9
billion,8
change,8
found,8
ended,8
something,8
best,8
fight,8
follow,8
expensive,8
often,8
senior,8
space,8
visit,8
lot,8
met,8
policies,8
singer,8
service,8
management,8
plans,8
focus,8
father,8
spent,8
announced,8
isnt,8
regulations,8
additional,8
surveillance,8
assault,8
put,8
wrote,8
closed,8
money,8
training,8
months,8
customers,8
conversation,8
kong,8
harlem,8
system,8
racial,8
per,8
crowd,8
another,8
reprints,8
taking,8
worked,8
lawmakers,8
critical,8
raised,8
actor,8
late,8
secure,8
conservative,8
trial,8
average,8
future,8
across,8
kelly,8
theyre,8
pub,8
though,8
wants,8
jazz,7
opinion,7
words,7
data,7
contributed,7
promised,7
idea,7
candidate,7
video,7
advocates,7
care,7
rudi,7
share,7
cities,7
stopped,7
lawsuit,7
name,7
taken,7
block,7
michael,7
pay,7
free,7
help,7
cost,7
started,7
peoples,7
subsidies,7
jimmy,7
patrol,7
industry,7
next,7
takes,7
enrollment,7
believe,7
without,7
problems,7
seek,7
concern,7
violent,7
reutersapril,7
south,7
music,7
action,7
texas,7
clear,7
giving,7
election,7
battle,7
adding,7
killed,7
says,7
serbian,7
attack,7
north,7
already,7
supported,7
honig,7
sanders,7
became,7
travel,7
citizenship,7
rev,7
great,7
fire,7
deal,7
firm,7
got,7
asking,7
rule,7
death,7
movement,7
flag,7
loss,7
allowed,6
allies,6
republicans,6
estimated,6
events,6
immigrants,6
poverty,6
tariffs,6
spending,6
residents,6
community,6
program,6
spoke,6
alone,6
theres,6
spokesman,6
meant,6
costs,6
editing,6
yet,6
actress,6
medical,6
actions,6
member,6
mattis,6
testimony,6
conference,6
consumers,6
advocate,6
matter,6
sometimes,6
klas,6
museum,6
instead,6
instance,6
term,6
remarks,6
remember,6
information,6
numbers,6
kosovos,6
small,6
aides,6
representative,6
potential,6
energy,6
getting,6
asylum,6
turned,6
democrats,6
shot,6
assassination,6
least,6
followed,6
appeared,6
operation,6
rock,6
city,6
approach,6
five,6
fellow,6
delivered,6
quality,6
better,6
gas,6
legacy,6
gave,6
different,6
force,6
running,6
trying,6
low,6
club,6
groups,6
died,6
challenge,6
baltic,6
failed,6
near,6
latest,6
usmexico,6
commerce,6
awareness,6
comments,6
similar,6
virginia,6
previous,6
comment,6
experts,6
winemakers,6
given,6
criticism,6
magazine,6
seen,6
richard,6
facility,6
leadership,6
right,6
suggested,6
fox,6
street,6
supporters,5
mustafa,5
condo,5
declined,5
conditions,5
credit,5
claims,5
democrat,5
spoken,5
candidates,5
citizens,5
minutes,5
napa,5
deployed,5
politics,5
deploy,5
mission,5
named,5
minorities,5
cnn,5
minister,5
culture,5
created,5
committee,5
previously,5
caught,5
communications,5
cell,5
nato,5
meyers,5
discuss,5
motel,5
tough,5
tougher,5
stars,5
popular,5
declared,5
need,5
poor,5
daca,5
dangerous,5
direct,5
territory,5
took,5
close,5
million,5
pressapril,5
details,5
decade,5
thaci,5
tried,5
designed,5
west,5
included,5
opened,5
push,5
western,5
rates,5
protests,5
beijing,5
sexual,5
saw,5
weak,5
finally,5
final,5
filed,5
shares,5
fighters,5
wasnt,5
global,5
reported,5
via,5
sanitation,5
agenda,5
february,5
bill,5
higher,5
family,5
fallon,5
warden,5
show,5
facts,5
history,5
images,5
helped,5
frank,5
opus,5
second,5
within,5
full,5
hours,5
front,5
gallon,5
along,5
lobbyist,5
owned,5
australian,5
allow,5
local,5
four,5
setting,5
warned,5
selling,5
senate,5
allegations,5
americas,5
voice,5
attention,5
large,5
serious,5
served,5
likely,5
point,5
gets,5
sake,5
fake,5
africanamericans,5
gun,5
headquarters,5
remains,5
equal,5
play,5
actually,5
happen,5
reason,5
broken,5
november,5
red,5
jim,5
budget,5
hard,5
role,5
went,5
sought,5
source,5
nothing,5
bureau,5
joseph,5
journalist,5
university,5
weve,5
speaking,5
privately,5
recently,5
means,5
half,5
region,5
ethnic,5
prominent,5
proper,5
vehicles,5
remain,5
lead,5
held,5
face,5
extend,5
value,5
side,5
sides,5
outside,5
let,5
expected,5
growing,5
europe,5
argument,5
guarding,5
hear,5
event,5
managers,5
administrative,5
heading,4
racism,4
hill,4
table,4
talent,4
powerful,4
leave,4
raising,4
critics,4
hit,4
leading,4
criticized,4
heard,4
moscow,4
robert,4
criminal,4
launched,4
rally,4
early,4
honor,4
post,4
terms,4
released,4
insurance,4
intelligence,4
test,4
interest,4
internet,4
interview,4
kind,4
investigation,4
regulators,4
musician,4
create,4
kimmel,4
possibly,4
iraq,4
killing,4
consider,4
kevin,4
january,4
join,4
joint,4
nafta,4
journalists,4
initially,4
tennessee,4
murder,4
influence,4
result,4
huckabee,4
largest,4
human,4
covering,4
largely,4
courts,4
hundreds,4
taxpayers,4
rest,4
ill,4
teachers,4
image,4
team,4
count,4
technologies,4
representatives,4
inbox,4
inc,4
includes,4
increase,4
corruption,4
corporate,4
immediately,4
school,4
curbelo,4
stop,4
status,4
significantly,4
prompted,4
express,4
facebook,4
facilities,4
prevention,4
step,4
middle,4
steve,4
discussion,4
short,4
currently,4
feel,4
shaw,4
field,4
stories,4
story,4
difficult,4
fighting,4
shanghai,4
protest,4
find,4
strict,4
existing,4
exhibit,4
makes,4
district,4
specific,4
electric,4
meet,4
drive,4
problem,4
elsewhere,4
dozen,4
someone,4
double,4
society,4
social,4
domestic,4
dollars,4
doesnt,4
enough,4
start,4
eric,4
slightly,4
starting,4
price,4
mark,4
divided,4
evening,4
firstclass,4
pressure,4
stringent,4
suit,4
premiums,4
limited,4
model,4
getty,4
saying,4
surprise,4
sarah,4
lewis,4
san,4
deals,4
dealing,4
dealership,4
level,4
russias,4
qualify,4
greenhouse,4
roughly,4
legislation,4
rooster,4
suvs,4
predecessor,4
happened,4
happens,4
summit,4
line,4
seven,4
gang,4
lorraine,4
seth,4
strong,4
sessions,4
serbs,4
footage,4
serbia,4
separately,4
longer,4
sense,4
sending,4
senator,4
subheading,4
presidency,4
preserve,4
deployment,4
french,4
segregation,4
friends,4
seemed,4
successful,4
funding,4
publicly,4
proposed,4
partly,4
turning,4
ambassador,4
arguing,4
argued,4
whats,4
occurred,4
antiimmigration,4
wife,4
urged,4
obamas,4
church,4
neighborhood,4
analysis,4
chris,4
agents,4
almost,4
troll,4
build,4
built,4
unless,4
paid,4
noted,4
cabernet,4
worth,4
calls,4
agreed,4
billions,4
weeks,4
others,4
coming,4
votel,4
clintons,4
opponents,4
opinions,4
phone,4
away,4
train,4
auto,4
australia,4
trafficking,4
photos,4
opening,4
attorneys,4
beaten,4
trade,4
collapse,4
needed,4
assassins,4
bernice,4
beyond,4
perry,4
arrived,4
biggest,4
camp,4
voter,4
pointed,4
undermine,4
car,4
accuracy,4
nielsen,4
afford,4
thousands,4
cells,4
activists,4
charlottesville,4
affordable,4
certain,4
certainly,4
writer,4
added,4
threatened,4
charge,4
concerns,4
changes,4
check,4
police,4
afternoon,4
changing,4
administrator,4
party,4
casino,3
cash,3
stated,3
oklahoma,3
failure,3
bezos,3
prospect,3
shes,3
female,3
veterans,3
merger,3
carrying,3
prices,3
bigger,3
officers,3
fall,3
proposal,3
figures,3
prosecutor,3
shooting,3
famous,3
sharp,3
beef,3
victory,3
looked,3
sentenced,3
challenges,3
midterm,3
vladimir,3
provide,3
tweet,3
basic,3
visiting,3
phoned,3
disingenuous,3
photo,3
chain,3
following,3
bataan,3
picture,3
series,3
operated,3
stay,3
messaging,3
loopholes,3
beautiful,3
los,3
officer,3
fires,3
diverse,3
behavior,3
behind,3
believed,3
blame,3
faced,3
offered,3
process,3
sort,3
prisoner,3
soon,3
embrace,3
materials,3
sold,3
capitol,3
bring,3
players,3
nuclear,3
mason,3
drugs,3
ensure,3
entertain,3
bullet,3
bullets,3
capital,3
elections,3
unique,3
effects,3
effective,3
mcgurk,3
editor,3
easy,3
mean,3
duties,3
nonviolent,3
noncitizens,3
pointing,3
earn,3
spends,3
british,3
equality,3
offer,3
expert,3
exchange,3
project,3
executive,3
simultaneous,3
simply,3
stands,3
parts,3
drop,3
main,3
valley,3
carolina,3
extended,3
media,3
shulkin,3
site,3
example,3
exactly,3
usbacked,3
everything,3
objective,3
ever,3
stance,3
caravans,3
ethics,3
marches,3
marching,3
dream,3
points,3
marketing,3
slow,3
markets,3
oaxaca,3
thinking,3
voters,3
resignation,3
working,3
lampkin,3
albanian,3
research,3
requirements,3
request,3
important,3
worlds,3
imports,3
airport,3
worried,3
inclined,3
aid,3
agree,3
indictments,3
kurdish,3
inequality,3
resign,3
landmark,3
holland,3
paying,3
pearson,3
honest,3
always,3
retaliatory,3
hoped,3
horrible,3
witness,3
hospital,3
hotel,3
retailers,3
allows,3
woman,3
restaurant,3
responsible,3
respondents,3
hypothetical,3
respect,3
agencys,3
influx,3
age,3
afterward,3
israel,3
activeduty,3
ive,3
jackson,3
key,3
accounts,3
reelection,3
reduce,3
jesse,3
passenger,3
jobs,3
johnson,3
participated,3
joined,3
able,3
receive,3
ability,3
activist,3
addition,3
invitation,3
writes,3
knows,3
injustice,3
africanamerican,3
afraid,3
insisting,3
inspector,3
writers,3
institutions,3
kirstjen,3
insurers,3
relationship,3
intended,3
relations,3
writing,3
advisers,3
real,3
amid,3
review,3
send,3
generally,3
attacks,3
lifetime,3
personal,3
scandals,3
organ,3
persistent,3
assist,3
save,3
pushing,3
saunders,3
liberal,3
assassinated,3
organizer,3
wealthy,3
levels,3
gov,3
weapons,3
attend,3
audience,3
historical,3
gathering,3
formally,3
opportunity,3
seminar,3
forward,3
petty,3
walk,3
friday,3
backlash,3
lobby,3
walked,3
awards,3
optionsby,3
published,3
authorized,3
chamber,3
link,3
lines,3
safe,3
putting,3
wednesday,3
arrests,3
riot,3
answer,3
anonymity,3
pentagon,3
hed,3
announcing,3
anniversary,3
rhetorical,3
racist,3
high,3
william,3
lawyer,3
hillary,3
hired,3
angeles,3
win,3
historic,3
antitrust,3
anyone,3
anything,3
approved,3
rundown,3
arrested,3
arguments,3
guardsmen,3
areas,3
hand,3
happening,3
approval,3
rise,3
whatever,3
harlems,3
appointed,3
wheat,3
road,3
rivals,3
lease,3
lisa,3
verma,3
date,3
conduct,3
current,3
defeat,3
correctional,3
concerned,3
needs,3
politicians,3
council,3
choose,3
citizen,3
conversations,3
cuts,3
decisions,3
topic,3
timothy,3
neonazis,3
crime,3
christ,3
tradition,3
condition,3
mountaintop,3
present,3
posted,3
considered,3
pollutants,3
tailpipe,3
tickets,3
militarily,3
deeply,3
mobilize,3
completely,3
treated,3
complete,3
necessary,3
thus,3
submitted,3
continue,3
mobilizing,3
morris,3
modi,3
college,3
summer,3
testing,3
potentially,3
preparations,3
networks,3
testified,3
control,3
moral,3
testify,3
contact,3
practice,3
potus,3
supreme,3
citing,3
defended,3
chiefs,3
companies,3
studies,3
total,3
thomas,3
comedy,3
companys,3
trained,3
desire,3
turn,3
committed,3
crossings,3
crossing,3
murdered,3
teacher,3
crack,3
students,3
directed,3
together,3
daughter,3
confronting,3
cross,3
cow,3
tax,3
tenn,3
mileage,3
chinas,3
diplomatic,3
transportation,3
title,3
deliver,3
corp,3
dignity,3
militant,3
network,3
decades,3
pollution,3
sunday,3
stover,3
tired,3
countrys,3
creating,3
tariff,3
conflict,3
struggle,3
strike,3
command,2
quarterly,2
quick,2
growth,2
gut,2
hague,2
hadnt,2
gutierrez,2
welcome,2
arms,2
row,2
habit,2
legislative,2
talk,2
armed,2
length,2
grower,2
weight,2
arizona,2
commander,2
guerrilla,2
rothschild,2
legally,2
commanders,2
heart,2
havent,2
rachel,2
apartment,2
anyway,2
targets,2
heads,2
healthcaregov,2
outright,2
whole,2
tone,2
ring,2
league,2
rotated,2
wholesale,2
heavey,2
commodity,2
crackdown,2
rick,2
wiki,2
moved,2
penalties,2
tom,2
hell,2
wilcox,2
nbc,2
credits,2
apartments,2
apparently,2
ross,2
welcomes,2
hall,2
halt,2
handful,2
handle,2
handling,2
hands,2
ron,2
grossly,2
arabia,2
apt,2
quotation,2
perfect,2
motivation,2
commemoration,2
rolling,2
roll,2
ncaa,2
werent,2
appearance,2
mourning,2
targeting,2
ground,2
mother,2
quandary,2
pulpit,2
tragedy,2
avenue,2
chance,2
personnel,2
orchid,2
damage,2
funds,2
dalgleish,2
warming,2
sea,2
daddy,2
authority,2
gardner,2
section,2
links,2
gasoline,2
cycles,2
august,2
prayer,2
attracts,2
limits,2
gen,2
neglect,2
personally,2
wartime,2
wary,2
dangers,2
function,2
arrangement,2
lobbying,2
provocative,2
france,2
opposition,2
location,2
fraud,2
baldwin,2
opt,2
selection,2
balcony,2
seized,2
waivers,2
frequently,2
sees,2
walter,2
bad,2
suspected,2
backers,2
swarms,2
living,2
seeks,2
seeking,2
seekers,2
seeing,2
daniel,2
lives,2
options,2
liked,2
attempt,2
swiss,2
lets,2
organs,2
gospel,2
ask,2
practical,2
columnist,2
governed,2
putins,2
tactics,2
asian,2
saints,2
ashley,2
grace,2
originally,2
attacker,2
rutgers,2
grand,2
grande,2
qualified,2
colvin,2
totally,2
runs,2
greenhousegas,2
weekly,2
leonhardt,2
ruled,2
grew,2
organizers,2
gooditis,2
lgbtq,2
cry,2
watch,2
orders,2
scene,2
atmosphere,2
lieutenants,2
atlantic,2
watching,2
give,2
wave,2
associate,2
glimpse,2
town,2
savings,2
pushed,2
goal,2
god,2
saudi,2
sat,2
goes,2
organize,2
organized,2
liberation,2
weakens,2
gone,2
tournament,2
helping,2
seats,2
rhetoric,2
kilometers,2
institute,2
affect,2
release,2
content,2
relax,2
affairs,2
relatively,2
aeg,2
throughout,2
advocacy,2
written,2
postal,2
interference,2
rejected,2
realdonaldtrump,2
internal,2
wrong,2
realize,2
xavier,2
admired,2
concerts,2
kinds,2
yearold,2
addressed,2
invited,2
thanks,2
involving,2
contentious,2
reliable,2
installation,2
popularly,2
reach,2
rental,2
popularity,2
reaction,2
tenure,2
agencies,2
renew,2
infrastructure,2
inherited,2
inhofe,2
ticketing,2
comrades,2
read,2
ready,2
inner,2
renaissance,2
removal,2
panel,2
tesla,2
contractors,2
inside,2
continuing,2
remained,2
continued,2
reads,2
reluctant,2
regularly,2
add,2
overall,2
adam,2
zealand,2
passed,2
absolutely,2
participate,2
theyll,2
abrupt,2
nadler,2
confront,2
participating,2
recounted,2
jonathan,2
rebuild,2
record,2
particular,2
karen,2
journal,2
aboard,2
thing,2
recaptured,2
recommend,2
judge,2
judges,2
recipe,2
julie,2
july,2
jump,2
pass,2
jill,2
account,2
jeweler,2
referring,2
actual,2
irineo,2
refused,2
isis,2
parents,2
possibility,2
israeli,2
considering,2
youd,2
issued,2
condominium,2
jahan,2
achieving,2
kentucky,2
reference,2
achieve,2
japanese,2
positive,2
threat,2
position,2
kept,2
reducing,2
reduced,2
jerrold,2
therefore,2
jersey,2
agent,2
kremlin,2
repeal,2
convictions,2
counterfeiting,2
hopes,2
latenight,2
mrs,2
host,2
hosted,2
hosts,2
competing,2
hour,2
alongside,2
counsel,2
retailer,2
housing,2
houston,2
however,2
ally,2
witnesses,2
mujica,2
restrictions,2
larger,2
pays,2
packages,2
restaurants,2
hurt,2
responsibility,2
alike,2
respond,2
counterparts,2
owns,2
compelled,2
moves,2
rex,2
lawyers,2
taxes,2
communities,2
radically,2
highlight,2
coverage,2
cover,2
taxpayer,2
hirschfeld,2
historian,2
historians,2
comparison,2
peace,2
overseen,2
holding,2
raise,2
reversed,2
winery,2
oversight,2
foundation,2
winning,2
owner,2
natural,2
peaceful,2
amanda,2
nationwide,2
laporta,2
costly,2
aggressive,2
worse,2
labor,2
coral,2
include,2
aide,2
tighten,2
wouldnt,2
agreement,2
income,2
incomes,2
cook,2
reporter,2
increasing,2
worries,2
increasingly,2
wounded,2
indeed,2
independence,2
independent,2
india,2
rather,2
indicated,2
conway,2
replaced,2
kwabenawilson,2
wounds,2
worry,2
inappropriate,2
complained,2
impatient,2
ideas,2
television,2
complaints,2
land,2
albanians,2
telling,2
reshape,2
alarming,2
reserved,2
lambert,2
alabama,2
imminent,2
requires,2
lack,2
temple,2
temporary,2
importance,2
corporation,2
importer,2
importers,2
rate,2
tillerson,2
improve,2
airlines,2
impunity,2
represents,2
raises,2
received,2
updated,2
six,2
branch,2
meetings,2
cheap,2
captivated,2
denounced,2
denied,2
progressively,2
nomaan,2
boyce,2
poisoning,2
manager,2
brand,2
evolved,2
squad,2
boundaries,2
examiner,2
preparing,2
drawing,2
prohibits,2
principles,2
draw,2
single,2
branches,2
skepticism,2
strategic,2
drove,2
profession,2
especially,2
spotify,2
brice,2
slashing,2
netanyahus,2
success,2
establishment,2
militia,2
sprawling,2
updates,2
undergraduate,2
platforms,2
professor,2
denying,2
uptick,2
brazen,2
cited,2
missouri,2
dropped,2
evaluation,2
militarys,2
demolishing,2
executives,2
malcolm,2
speak,2
explain,2
doubling,2
promise,2
expletive,2
vail,2
unclear,2
places,2
signature,2
exploration,2
placed,2
stand,2
makini,2
maine,2
nerve,2
expressed,2
carlos,2
diego,2
prompting,2
militants,2
mail,2
nirav,2
extraordinary,2
principal,2
bombing,2
signs,2
signup,2
stab,2
planned,2
ushakov,2
projected,2
bottle,2
drank,2
boss,2
usps,2
suicide,2
expand,2
expanded,2
expectation,2
usually,2
simple,2
memory,2
books,2
obvious,2
dozens,2
experience,2
book,2
mentally,2
newcomers,2
sports,2
briefed,2
eastman,2
matters,2
trolling,2
unemployment,2
normal,2
deregulatory,2
procedure,2
material,2
emission,2
ebell,2
specifically,2
bruno,2
underway,2
destruction,2
pohanka,2
master,2
solidarity,2
truck,2
unrelated,2
subject,2
browse,2
ending,2
proceedings,2
embarrassment,2
notice,2
trolls,2
mintons,2
desk,2
sparked,2
northern,2
eight,2
mcfaul,2
speakeasy,2
either,2
trotta,2
mayors,2
maybe,2
bushs,2
struggled,2
mclean,2
unfair,2
chile,2
notes,2
elementary,2
normalized,2
sorts,2
troop,2
sophistry,2
ease,2
soil,2
slogan,2
spokeswoman,2
environment,2
miss,2
smuggling,2
envisioned,2
epas,2
pressing,2
smaller,2
checkpoints,2
development,2
truly,2
briefings,2
measure,2
presented,2
production,2
cheat,2
marriage,2
stricter,2
slowly,2
christian,2
christie,2
briefingnytimescom,2
slogans,2
produced,2
determined,2
marty,2
martys,2
earnest,2
trip,2
player,2
engaged,2
massachusetts,2
chevrolet,2
chosen,2
played,2
cheerleader,2
enraged,2
campbell,2
canada,2
broadcast,2
subsidy,2
pressed,2
enter,2
entering,2
nonlaw,2
preservation,2
enthusiastic,2
dysfunctional,2
eyes,2
educators,2
blow,2
proud,2
onto,2
disrespectful,2
losing,2
violated,2
flags,2
celebrities,2
mexicans,2
becerra,2
surge,2
settlement,2
flaws,2
display,2
century,2
beating,2
flights,2
beat,2
violently,2
serving,2
twice,2
michigan,2
flower,2
services,2
flurry,2
dining,2
declare,2
lost,2
staterun,2
vietnam,2
viewing,2
nicholas,2
statements,2
treat,2
protested,2
beliefs,2
finding,2
protesters,2
messing,2
fine,2
ones,2
fined,2
pipe,2
supremacists,2
ugly,2
fired,2
villanova,2
treasury,2
typically,2
firing,2
celebrated,2
dismissed,2
dismiss,2
film,2
mick,2
neighborhoods,2
clubs,2
discussed,2
provided,2
pretty,2
voting,2
direction,2
chait,2
negotiated,2
challenged,2
bankrupt,2
vowed,2
forms,2
davenport,2
providence,2
disclosure,2
phil,2
directly,2
susan,2
migration,2
mike,2
stood,2
disappeared,2
transit,2
survive,2
ford,2
food,2
stepped,2
diplomats,2
tweets,2
looking,2
december,2
moment,2
vision,2
moments,2
debates,2
debateclub,2
neil,2
dealers,2
traveling,2
stevenson,2
prove,2
stew,2
discussions,2
sentiment,2
tweeted,2
volunteers,2
forced,2
stewart,2
films,2
caused,2
thinks,2
feels,2
luminaries,2
newsreel,2
unaware,2
nightly,2
unaccompanied,2
unawareness,2
favorite,2
shook,2
shocking,2
stanford,2
showed,2
class,2
showing,2
nights,2
blend,2
defined,2
difficulty,2
supply,2
fastestgrowing,2
shops,2
officially,2
venues,2
merely,2
bit,2
fallen,2
premium,2
merchant,2
strangers,2
birth,2
tree,2
tuesdays,2
bipartisan,2
del,2
modeled,2
fair,2
fascists,2
proposals,2
strange,2
doctor,2
fewer,2
catering,2
defend,2
defeated,2
straight,2
sherman,2
digital,2
catch,2
pink,2
supporter,2
deep,2
pieces,2
claimed,2
protections,2
vibrant,2
variety,2
lower,2
figure,2
felt,2
bias,2
luck,2
shipping,2
clarify,2
oligopoly,2
filing,2
casual,2
dittmar,2
shifted,2
dominant,2
trend,2
supporting,2
dominated,2
recalled,1
poses,1
pathetic,1
realized,1
pat,1
ray,1
pricier,1
rational,1
plummeted,1
portrayed,1
realizes,1
plumbing,1
primary,1
posed,1
plumer,1
portend,1
ratings,1
razed,1
pride,1
privilege,1
passionate,1
priorities,1
presides,1
reauthorization,1
prevent,1
reasons,1
populations,1
pathology,1
pressured,1
population,1
reaffirm,1
posing,1
reading,1
rebuke,1
reassuring,1
policing,1
prey,1
printing,1
readying,1
priority,1
postconflict,1
passing,1
reacts,1
pristina,1
politically,1
pristine,1
polarized,1
pricey,1
politico,1
prevail,1
principle,1
polarization,1
pretend,1
reaching,1
posse,1
reactor,1
rebirth,1
passes,1
principled,1
reaffirming,1
rebecca,1
passion,1
reasonable,1
path,1
providing,1
prized,1
poorest,1
perpetuate,1
proposition,1
prosecuted,1
puzzles,1
puzzled,1
polls,1
proslavery,1
persecuted,1
protecting,1
piece,1
periods,1
protectorate,1
preferably,1
pictured,1
protects,1
practices,1
pickup,1
persecution,1
praised,1
picked,1
pernicious,1
pierce,1
powerfully,1
prophet,1
quintessence,1
quickly,1
pitch,1
pit,1
pronounced,1
pipelineexpansion,1
pronouncements,1
performing,1
powers,1
proponents,1
poorly,1
questioning,1
questioned,1
questionable,1
proportion,1
period,1
piggies,1
quantity,1
premises,1
preferences,1
picabo,1
pursued,1
pursue,1
pony,1
psychology,1
proved,1
polyakova,1
philosopher,1
persons,1
ponte,1
persuade,1
philippe,1
predecessors,1
pontes,1
purposeful,1
petals,1
psychiatrist,1
psychiatric,1
peter,1
provost,1
providers,1
provides,1
provisions,1
petersburg,1
predict,1
puebla,1
precipitous,1
pulitzerprize,1
purplish,1
piano,1
purchased,1
praising,1
pianist,1
prawer,1
purchase,1
punitive,1
protrump,1
punished,1
puncture,1
pollute,1
preceded,1
punch,1
precincts,1
phrase,1
preexisting,1
predominantly,1
pulled,1
quite,1
performed,1
proamerican,1
pea,1
ransack,1
playhouse,1
ranked,1
processes,1
popovich,1
payment,1
proclaiming,1
proclamation,1
proconfederate,1
rank,1
rape,1
produce,1
range,1
playacts,1
rang,1
producer,1
producing,1
random,1
pope,1
platonic,1
ranting,1
postwar,1
performances,1
popping,1
plucky,1
probability,1
pattern,1
receives,1
probably,1
ploy,1
probing,1
posting,1
rasmussen,1
plight,1
proceed,1
rarely,1
plenty,1
pawn,1
procedures,1
pledged,1
raptly,1
playing,1
postpone,1
raped,1
pour,1
ran,1
peabody,1
racer,1
powell,1
planning,1
prepare,1
pop,1
pentagons,1
planetwarming,1
prolonged,1
plaintiff,1
plagued,1
pooseepahtuck,1
productive,1
powered,1
percentage,1
quotet,1
quoted,1
percenters,1
quote,1
performance,1
polling,1
pivot,1
prepared,1
poll,1
prohibit,1
prepossessing,1
presentation,1
profanity,1
pearsons,1
phase,1
poured,1
radio,1
peck,1
proft,1
programs,1
peered,1
peers,1
pelicia,1
platform,1
racked,1
plants,1
penalize,1
progressive,1
presence,1
penalized,1
pretends,1
abandon,1
receiving,1
tips,1
ticking,1
tidy,1
ties,1
tim,1
timehonored,1
timeline,1
timess,1
timetable,1
timing,1
tiny,1
tonight,1
thwarted,1
tony,1
tool,1
tormentors,1
torpedo,1
tory,1
toss,1
touched,1
touring,1
townhouse,1
toxic,1
thwarting,1
thugs,1
tensions,1
thenpresident,1
terrific,1
tested,1
tests,1
teteatete,1
thahchee,1
thank,1
theater,1
thedonald,1
theft,1
theme,1
thentexas,1
threats,1
theories,1
theyd,1
theyve,1
thicker,1
thinker,1
thinktank,1
thinly,1
third,1
thompson,1
threatening,1
tracks,1
tracy,1
traded,1
ultrarich,1
truth,1
try,1
turkish,1
turmoil,1
turnout,1
twominute,1
type,1
types,1
ukraine,1
ukrainian,1
unabomber,1
trainings,1
unacceptable,1
unauthorized,1
unburdened,1
uncertain,1
unchecked,1
uncomfortable,1
uncomfortably,1
unconventional,1
uncounted,1
uncovers,1
trusts,1
trusted,1
truman,1
TRUE,1
trains,1
transactions,1
transcends,1
transcontinental,1
transition,1
transportationby,1
travesty,1
travis,1
tread,1
treasurer,1
treatment,1
treats,1
trenton,1
tribunal,1
tribunals,1
trick,1
tries,1
trillion,1
trilliondollarplus,1
trophies,1
trough,1
tentative,1
tenants,1
stopping,1
suggesting,1
substantive,1
subtle,1
suburban,1
subway,1
succeed,1
sudan,1
sudden,1
sufficient,1
sugar,1
suggest,1
suggests,1
subsidizing,1
sullivan,1
summarily,1
summary,1
summits,1
superiors,1
superpremium,1
superstar,1
superville,1
supper,1
supposed,1
substantiated,1
subsidized,1
ten,1
striking,1
store,1
stovers,1
stream,1
streetscape,1
strengthen,1
strengthening,1
stress,1
stressed,1
stretch,1
strikes,1
strip,1
subreddit,1
striving,1
strolling,1
struck,1
structural,1
structured,1
stuck,1
studying,1
stung,1
stunning,1
subdue,1
suppression,1
surprised,1
surprises,1
taxonomy,1
talks,1
tampons,1
tang,1
taraji,1
target,1
targeted,1
tarnished,1
tasked,1
tasks,1
tasting,1
taxpayerowned,1
surrendered,1
taylor,1
tears,1
techniques,1
tedious,1
tedium,1
teeming,1
telecast,1
telegraph,1
telephone,1
tells,1
talked,1
tag,1
tactical,1
tackettapril,1
surrenders,1
surveys,1
survived,1
survives,1
suspect,1
swarns,1
sway,1
sweating,1
sweatpants,1
sweden,1
sweeping,1
sweet,1
swerves,1
swirl,1
switchfoot,1
sycophants,1
syllable,1
symbolism,1
symbols,1
taboo,1
tacked,1
undermined,1
undermines,1
underpinnings,1
wellintentioned,1
wearily,1
wearing,1
weary,1
web,1
website,1
wed,1
weekdays,1
weeknights,1
welcomed,1
welcoming,1
welllighted,1
wealth,1
wendi,1
wendy,1
wests,1
wheelchair,1
wherein,1
whiteboard,1
whitehouse,1
whiter,1
whitesides,1
widely,1
wealthier,1
weaker,1
undertake,1
waned,1
wage,1
waging,1
waist,1
wait,1
waited,1
waiting,1
walking,1
walkouts,1
walls,1
walters,1
ward,1
weakened,1
wares,1
warn,1
warning,1
washingtons,1
watched,1
watches,1
water,1
waved,1
wayne,1
weaken,1
widespread,1
wilberforce,1
wilbur,1
younger,1
wound,1
wrists,1
write,1
wroughton,1
xhemajl,1
yang,1
yearly,1
yearolds,1
yelling,1
yesterday,1
youtubes,1
wildcats,1
yulia,1
yuri,1
zargham,1
zeroed,1
zerosum,1
zinfandel,1
zodet,1
zogaj,1
zoning,1
zraick,1
worst,1
works,1
workplace,1
workings,1
wildfire,1
williamsapril,1
williamson,1
willing,1
wind,1
winemaker,1
winesapril,1
winnie,1
winslet,1
winter,1
wisdom,1
wise,1
withdrew,1
withers,1
withhold,1
wittingly,1
wonder,1
woody,1
wooing,1
word,1
wore,1
vying,1
vulnerable,1
vowing,1
upon,1
unsubstantiated,1
unsubtle,1
unusual,1
unusually,1
unveiled,1
unwelcome,1
unwise,1
unwittingly,1
update,1
upholding,1
urge,1
valdmanis,1
urgent,1
urgently,1
urges,1
useful,1
usenet,1
uses,1
usmexican,1
utah,1
utterly,1
vacant,1
unspecified,1
unschooled,1
unsafe,1
unremarkable,1
undetermined,1
undeterred,1
undocumented,1
uneasy,1
unequivocally,1
uneven,1
unfortunate,1
unhelpful,1
unidentified,1
unintentionally,1
unions,1
unite,1
units,1
universitys,1
unjust,1
unlikely,1
unloaded,1
unnerved,1
unplanned,1
unravel,1
unravelling,1
vacation,1
valerie,1
votes,1
virtually,1
vigorous,1
vigorously,1
vilify,1
village,1
vimeo,1
vincent,1
vineyard,1
vineyards,1
vintners,1
violations,1
virtue,1
valid,1
virtuoso,1
visibility,1
visionary,1
visited,1
visitors,1
vladeck,1
voiced,1
volunteer,1
vote,1
voted,1
views,1
videos,1
videgaray,1
victims,1
validate,1
valleys,1
valor,1
valueadded,1
values,1
van,1
varietals,1
vast,1
vehicleemissions,1
vehicletailpipe,1
veiled,1
venerable,1
venerated,1
venture,1
venue,1
verbal,1
verified,1
vermas,1
vestiges,1
vibe,1
vice,1
stops,1
stomach,1
reckoning,1
rsum,1
romantic,1
romero,1
root,1
rose,1
rosenblum,1
roslehtinen,1
roth,1
round,1
rousing,1
royalty,1
rubbed,1
roman,1
rubble,1
rubin,1
rud,1
rudimentary,1
rugova,1
rulemaking,1
rumors,1
rupert,1
russianorchestrated,1
russonello,1
romania,1
rollsroyce,1
revise,1
rigorously,1
revive,1
revived,1
reviving,1
revoke,1
reward,1
rich,1
richest,1
ridge,1
rigby,1
rigorous,1
riots,1
rollbacks,1
rip,1
ripple,1
risen,1
rises,1
risks,1
roadsides,1
roberts,1
robust,1
rockets,1
rockpop,1
ruth,1
sabotage,1
sachs,1
scrutinizing,1
science,1
scientist,1
scientists,1
scope,1
score,1
scored,1
scorsese,1
screened,1
screenwriter,1
scruples,1
scrutiny,1
sacramento,1
scullapril,1
sean,1
search,1
seared,1
season,1
seasonal,1
seated,1
seaweed,1
sebastian,1
sections,1
schwendiman,1
schuyler,1
schoolteacher,1
schools,1
sacrifice,1
safely,1
salary,1
sale,1
sales,1
sam,1
sanctions,1
sanctuary,1
sandra,1
saps,1
sauvignon,1
saved,1
scale,1
scammers,1
scandal,1
scapegoats,1
scathing,1
schatz,1
schedule,1
scheduled,1
scholar,1
revisited,1
reviewing,1
stolen,1
relatives,1
rehearsal,1
reincarnation,1
reinforce,1
reinforced,1
reinforcing,1
reiterated,1
rejoicing,1
relate,1
relates,1
relation,1
relentlessly,1
regulation,1
relief,1
rely,1
remnants,1
remote,1
rendering,1
rendezvous,1
rendition,1
reneged,1
renegotiation,1
renewed,1
regulatory,1
regulated,1
reviewed,1
redistricting,1
recommendations,1
reconfigured,1
reconnaissance,1
reconsider,1
recorded,1
recovered,1
recovery,1
recreated,1
recurring,1
reddit,1
redraw,1
regular,1
reductions,1
reese,1
references,1
reflect,1
reflects,1
reforms,1
refrigerants,1
refuge,1
refuses,1
regarding,1
renouncing,1
rent,1
rented,1
retaliated,1
respects,1
responding,1
restoration,1
restore,1
restricts,1
resulting,1
resurgence,1
resurrection,1
retail,1
retaining,1
retaliating,1
renting,1
retaliation,1
rethinking,1
retooling,1
retreat,1
reuters,1
revenge,1
reverent,1
reverse,1
revert,1
reverted,1
respectful,1
resorted,1
resonate,1
resistance,1
reopen,1
repair,1
repealed,1
repeals,1
repeated,1
repeatedly,1
repels,1
replacing,1
replied,1
represent,1
representing,1
reprimanded,1
republic,1
republicanled,1
requirement,1
researcher,1
reserve,1
resettled,1
reshaped,1
residence,1
resist,1
securing,1
seema,1
seems,1
spare,1
sophisticated,1
soul,1
sound,1
southall,1
southallapril,1
southwest,1
sows,1
soybeans,1
spagat,1
spanish,1
speaker,1
soninlaw,1
speakerphone,1
speakers,1
spears,1
specious,1
spectrum,1
spell,1
spelling,1
spiral,1
spitballing,1
spleen,1
sonny,1
songwriter,1
segments,1
soaring,1
slums,1
slurring,1
smarting,1
smog,1
smulders,1
snafu,1
snake,1
snapa,1
snapshot,1
snout,1
socalled,1
song,1
soccer,1
socially,1
socialmedia,1
soiling,1
solar,1
solely,1
solutions,1
somewhat,1
sommelier,1
sommeliers,1
split,1
sponsored,1
sport,1
steep,1
statebuilding,1
stateheld,1
statementswere,1
stating,1
statistically,1
statistics,1
statutes,1
stayed,1
staying,1
stealing,1
steer,1
spot,1
steers,1
stem,1
stephanie,1
stephen,1
steps,1
stevie,1
stewing,1
stick,1
sting,1
stocks,1
startling,1
starring,1
stared,1
star,1
spotifys,1
spring,1
sprouted,1
sprung,1
spur,1
spurious,1
spurred,1
spy,1
square,1
stabilise,1
stabilization,1
stabilize,1
stabilized,1
stabilizing,1
stack,1
staffer,1
stage,1
standard,1
stanfordapril,1
stanfordc,1
staples,1
slugged,1
slowed,1
sloppy,1
shared,1
settled,1
settling,1
sevenfold,1
seventeen,1
seventh,1
severely,1
sexism,1
shackled,1
shade,1
shamed,1
shareholder,1
shoot,1
sharing,1
sharpened,1
sharply,1
shaving,1
shay,1
sheldon,1
shift,1
ships,1
shirley,1
shithole,1
settings,1
sets,1
serves,1
seriously,1
seize,1
seizing,1
selfaggrandizement,1
selfassurance,1
selfdeclared,1
selfdriven,1
selfinflicted,1
selfpity,1
selfselecting,1
selfstyled,1
sell,1
sellers,1
sells,1
sends,1
sentencing,1
separate,1
sephora,1
sept,1
serb,1
serbias,1
sergei,1
shocked,1
shooter,1
sliver,1
skeptically,1
singing,1
singlefile,1
singularly,1
sirens,1
sites,1
sitins,1
sits,1
sixthlargest,1
size,1
skadden,1
skeptics,1
shore,1
ski,1
skin,1
skirt,1
skirting,1
skripal,1
skyrocketing,1
slapped,1
slate,1
sleep,1
sleeping,1
singermusician,1
singerguitarist,1
sing,1
sinclair,1
shortterm,1
shots,1
shoulder,1
showdown,1
showmans,1
shows,1
shrinking,1
shulkins,1
shuttering,1
shutting,1
sick,1
sidelines,1
sifton,1
sights,1
signaled,1
significance,1
signing,1
signups,1
silencing,1
silent,1
sincerely,1
signal,1
lederman,1
partner,1
darcy,1
culturewide,1
curb,1
cursing,1
curtail,1
curtis,1
customs,1
cutting,1
cycle,1
cyprus,1
dad,1
daft,1
dame,1
dark,1
cultural,1
darkness,1
darlene,1
dates,1
davisapril,1
dead,1
deadlines,1
dealt,1
debate,1
debut,1
deceiving,1
decennial,1
decide,1
cultures,1
cultivating,1
coworkers,1
critique,1
crassly,1
crazier,1
creation,1
creator,1
crew,1
cried,1
cries,1
crisis,1
critic,1
critically,1
criticalthinking,1
criticisms,1
crossed,1
cues,1
crosses,1
crosson,1
crossword,1
crow,1
crowded,1
crucial,1
crucially,1
crudely,1
crue,1
crusade,1
crushing,1
cudgel,1
decipher,1
declaration,1
declaring,1
depression,1
dented,1
deny,1
depart,1
departure,1
depend,1
depends,1
deploying,1
deployments,1
deport,1
deportation,1
depress,1
depressing,1
depth,1
decline,1
der,1
derail,1
derailing,1
derby,1
describe,1
desecrating,1
deserve,1
deserved,1
deserves,1
design,1
designated,1
designs,1
denial,1
demonstrators,1
demonstrations,1
demonstrates,1
declines,1
decrease,1
decree,1
decrying,1
deemed,1
deferred,1
definition,1
degree,1
delawie,1
delays,1
delegates,1
deliberation,1
deliberative,1
delighted,1
delivering,1
delivers,1
delivery,1
demand,1
demanding,1
demands,1
demeanor,1
demographic,1
demons,1
demonstrate,1
demonstrated,1
crashed,1
cowboy,1
destined,1
confrontation,1
concentration,1
concept,1
concernairing,1
concluded,1
conclusively,1
concrete,1
conducted,1
confer,1
conferences,1
confidential,1
confirmed,1
conflicts,1
confused,1
conceded,1
confusing,1
confusion,1
congratulate,1
congratulated,1
congratulating,1
congressman,1
connected,1
connection,1
connerly,1
consciousness,1
consecutive,1
consent,1
concentrating,1
comstock,1
cowan,1
competitive,1
commissions,1
commit,1
common,1
commonly,1
communism,1
compare,1
compared,1
comparisons,1
compassion,1
compassionate,1
compelling,1
competition,1
compiled,1
comprehensive,1
complain,1
complaint,1
completed,1
complex,1
complexity,1
compliance,1
complicate,1
complicated,1
complied,1
comply,1
composer,1
compound,1
consequence,1
consequences,1
conservationist,1
coulter,1
coralmdavenportfacebook,1
core,1
correct,1
corrected,1
corrective,1
corrupt,1
cosmetics,1
costar,1
costeffective,1
costing,1
couched,1
couldnt,1
counselor,1
considerably,1
counsels,1
counterdemonstrator,1
counterfeit,1
counterprotests,1
county,1
couple,1
course,1
courtroom,1
courtrooms,1
cousin,1
covers,1
coveted,1
cooper,1
cooney,1
cooking,1
convinced,1
consideration,1
considerations,1
consistent,1
consistently,1
consolidating,1
constellations,1
constituency,1
constitution,1
constitutional,1
constitutions,1
consultant,1
consultants,1
consulting,1
consumed,1
consumer,1
contemporaries,1
contemporary,1
continually,1
continues,1
contradicts,1
contrary,1
contrast,1
contributes,1
controls,1
controversial,1
desperate,1
destroy,1
commissioned,1
eloquence,1
electing,1
electoral,1
electricity,1
electrocuted,1
element,1
eliminate,1
elite,1
elites,1
elizabeth,1
ellen,1
ellington,1
elliot,1
emblem,1
elect,1
embodied,1
embodies,1
embracing,1
emerge,1
emerged,1
emotional,1
empire,1
employee,1
employment,1
empowered,1
enable,1
encouraging,1
elected,1
eldon,1
dutyfree,1
eastmans,1
dwindling,1
dynamic,1
dyson,1
eager,1
earful,1
earl,1
earned,1
earnestly,1
earth,1
easier,1
easily,1
eastern,1
echo,1
elbows,1
echoes,1
eclipse,1
economical,1
eddie,1
edited,1
educate,1
education,1
educational,1
effectively,1
eighth,1
eileen,1
elaborate,1
endanger,1
ends,1
endured,1
eve,1
escalated,1
escorted,1
essay,1
essential,1
essentially,1
establish,1
established,1
estonia,1
ether,1
eulogized,1
europeans,1
evacuated,1
eveleigh,1
energize,1
eventually,1
everyone,1
everywhere,1
evil,1
evokes,1
examine,1
examining,1
exams,1
excising,1
excited,1
excruciating,1
executed,1
erroneously,1
eroded,1
ernest,1
eritrea,1
enforce,1
engines,1
engulfed,1
enjoy,1
enormous,1
enrique,1
ensuring,1
enterprise,1
entire,1
entity,1
entrenched,1
entrylevel,1
enumeration,1
environments,1
envoy,1
epascottpruitts,1
epic,1
episcopal,1
equipped,1
equivalent,1
era,1
eradicate,1
eraser,1
erasing,1
erasure,1
dwayne,1
dutch,1
detail,1
disengagement,1
disagreement,1
disappearance,1
disarm,1
disasters,1
discern,1
disciplined,1
discovery,1
discretion,1
discrimination,1
discursive,1
discussing,1
disdain,1
dishonest,1
disadvantage,1
disinformation,1
disinterested,1
dislikes,1
dismay,1
dismissing,1
dismissive,1
disorganization,1
disparities,1
dispatched,1
dispersed,1
displeasure,1
disproportional,1
disagree,1
directors,1
dunn,1
diametrically,1
detailed,1
detective,1
detention,1
determines,1
developed,1
developing,1
developments,1
deviating,1
devolve,1
diaboli,1
dialectics,1
dialogues,1
diane,1
dipped,1
dick,1
didnt,1
die,1
diesel,1
dieselpowered,1
difference,1
differences,1
digging,1
digits,1
dined,1
dinner,1
dioxide,1
disregard,1
disrupted,1
dissatisfaction,1
drew,1
dorkfriendly,1
doubt,1
doubted,1
downstairs,1
downward,1
dpc,1
drags,1
draining,1
dramatic,1
drastic,1
drawbaugh,1
dress,1
dreyfuss,1
dissatisfied,1
drinkers,1
driveby,1
driven,1
driving,1
drops,1
drug,1
dual,1
duisburg,1
duke,1
dumping,1
dumplings,1
dunford,1
doris,1
doover,1
doors,1
door,1
dissent,1
dissipating,1
distant,1
distilled,1
distinction,1
distortion,1
distraction,1
distributors,1
districts,1
diversionary,1
diversity,1
divincenzo,1
dmitry,1
dobbs,1
doctors,1
document,1
documents,1
dogged,1
dogma,1
dogmatic,1
doina,1
doling,1
dollar,1
dolly,1
donte,1
commissioner,1
commission,1
parties,1
attacking,1
assigning,1
assistance,1
association,1
assumed,1
assurance,1
assurances,1
athletes,1
atiba,1
atlanta,1
atrocities,1
attachment,1
attacked,1
attained,1
assaulted,1
attendance,1
attended,1
attire,1
attracted,1
attracting,1
authorize,1
automaker,1
automobile,1
automobiles,1
automotive,1
autos,1
autumn,1
assaults,1
assailed,1
approaches,1
arps,1
appropriate,1
approve,1
aprils,1
aps,1
arbitrary,1
architecture,1
archive,1
archrival,1
arguably,1
aries,1
arm,1
arnita,1
arrangements,1
aspirations,1
array,1
arrivals,1
arriving,1
arshad,1
art,1
articulates,1
ascent,1
ashes,1
ashleyattimes,1
aside,1
asparagus,1
aspirational,1
availability,1
averaged,1
avoided,1
beacon,1
base,1
based,1
basement,1
basically,1
basin,1
basketball,1
basking,1
battled,1
battleground,1
battles,1
battling,1
bauhinia,1
beast,1
awardwinning,1
becker,1
beckoned,1
becky,1
becomes,1
becoming,1
bee,1
beech,1
befo,1
begin,1
begun,1
behalf,1
belatedly,1
barry,1
barricaded,1
barricade,1
baron,1
aware,1
babbles,1
bach,1
backdrop,1
backed,1
badly,1
baffling,1
baghdad,1
bailout,1
baldor,1
balkan,1
balkans,1
ballot,1
bamber,1
ban,1
band,1
bandivadekar,1
bands,1
banks,1
banned,1
banners,1
bar,1
barbara,1
barber,1
bargain,1
approaching,1
apprehending,1
bellows,1
ahead,1
adviser,1
advising,1
advocatus,1
affected,1
affirming,1
africa,1
african,1
aftermath,1
aggravated,1
aggravates,1
agim,1
agreements,1
aim,1
advantage,1
aimed,1
airconditioning,1
aircraft,1
airfare,1
airplanes,1
airs,1
airy,1
aisle,1
alarms,1
albeit,1
alec,1
alery,1
adventure,1
advance,1
apportion,1
achieved,1
abc,1
abebe,1
abortive,1
aboutface,1
abroad,1
absence,1
abu,1
abuse,1
academy,1
accountability,1
accurate,1
accusation,1
acknowledged,1
adopting,1
aclu,1
acronym,1
acting,1
activism,1
activities,1
actresscomedian,1
actresssinger,1
adaptation,1
addressing,1
adds,1
adjective,1
adler,1
alessandra,1
alex,1
alexander,1
anticorruption,1
anguish,1
anhour,1
anita,1
ankles,1
ann,1
annie,1
announcements,1
annoyed,1
annual,1
annually,1
answered,1
anticipated,1
antiimmigrant,1
ali,1
antisemitic,1
antitrump,1
antiwar,1
antonym,1
anup,1
anybody,1
anymore,1
apartheid,1
applied,1
applies,1
appointment,1
appointments,1
angry,1
angered,1
angel,1
andrew,1
alibaba,1
alina,1
alissa,1
alive,1
allens,1
allergy,1
alliance,1
allowing,1
altercation,1
alterman,1
although,1
altogether,1
aluminum,1
amadia,1
amazing,1
amazoncom,1
amazonrelated,1
amenable,1
amendment,1
amount,1
amplified,1
amy,1
analogues,1
analysts,1
andres,1
belief,1
ben,1
commissar,1
chase,1
chang,1
changed,1
channel,1
chanted,1
chantilly,1
chapter,1
charged,1
charges,1
charles,1
charleston,1
charlie,1
charts,1
chatter,1
chairs,1
cheaper,1
cheatin,1
checks,1
chevy,1
chiacu,1
chicago,1
childhood,1
childs,1
chilean,1
chiseled,1
choice,1
choices,1
champion,1
chairman,1
capable,1
carve,1
capricious,1
capture,1
captured,1
carbon,1
careful,1
carla,1
caroline,1
carried,1
carrier,1
carry,1
carson,1
carsons,1
catchandrelease,1
chained,1
catherine,1
catholic,1
caucus,1
cause,1
cbs,1
ceasefire,1
celebrating,1
celebration,1
censuss,1
centered,1
centers,1
certainty,1
choosing,1
chose,1
chowed,1
collective,1
coercive,1
coffee,1
col,1
colby,1
cold,1
coldest,1
cole,1
collaborators,1
collapsed,1
collapsing,1
collar,1
colleagues,1
collectively,1
christopher,1
colleges,1
colonial,1
colony,1
colors,1
coltrane,1
combat,1
combination,1
comedianactor,1
comitatus,1
commemorate,1
commemorations,1
commentator,1
cochairs,1
cochairman,1
cobie,1
closing,1
chummy,1
circle,1
circles,1
cites,1
citys,1
civilian,1
civilians,1
claim,1
clarity,1
classaction,1
classrooms,1
clayborne,1
clayton,1
cleaner,1
clearly,1
clergy,1
cleveland,1
clientele,1
clients,1
climatechanging,1
clinked,1
clint,1
clinton,1
clock,1
cloistered,1
capitulation,1
canonization,1
benefit,1
bolster,1
bloodred,1
bloom,1
blossoming,1
blues,1
blunted,1
blustered,1
board,1
boarding,1
boards,1
boasted,1
boeing,1
bois,1
bomber,1
blogs,1
booking,1
boot,1
booth,1
bordeaux,1
borderrelated,1
borders,1
borne,1
bosses,1
boston,1
bottlenecks,1
bottom,1
boulevard,1
blood,1
blogger,1
canceling,1
biden,1
benefited,1
benefiting,1
benefits,1
benevolent,1
bengaluru,1
benjamin,1
beriane,1
beset,1
beside,1
besides,1
betraying,1
biased,1
bigboy,1
blog,1
bigots,1
billie,1
billionaire,1
birthday,1
birthdays,1
bishop,1
bizarre,1
blackening,1
blacks,1
blakeana,1
blamed,1
blocks,1
bounds,1
boutique,1
brad,1
bustling,1
buildings,1
bullies,1
bullying,1
bulwark,1
bureaucratic,1
burgers,1
burns,1
bury,1
buses,1
busiest,1
businessman,1
busstation,1
butt,1
bradley,1
buyers,1
bynes,1
bypassed,1
cabin,1
cachet,1
caffeinefueled,1
calculated,1
calif,1
caliphate,1
cameras,1
canadian,1
canceled,1
budgets,1
bucharest,1
brutal,1
brunswick,1
braeden,1
bragging,1
brains,1
branded,1
brands,1
break,1
breakfast,1
breaks,1
brett,1
brian,1
bridge,1
brief,1
briefly,1
britain,1
broad,1
broadminded,1
brochures,1
broke,1
brooklyn,1
brother,1
brothers,1
browns,1
brunch,1
bruni,1
brunnstrom,1
exemption,1
exercise,1
exercising,1
lucrative,1
lou,1
louis,1
louisville,1
love,1
lovekin,1
lowemission,1
lowered,1
lowest,1
lowkey,1
lucey,1
luckey,1
luckeys,1
luggage,1
looming,1
luis,1
luncheon,1
luring,1
luxury,1
lyndon,1
lynn,1
macdonough,1
madikizelamandela,1
magnet,1
mailing,1
maintain,1
maintaining,1
lopez,1
longtime,1
lifestyles,1
lived,1
lift,1
lillian,1
limitations,1
lindbergh,1
lindsey,1
linked,1
lioning,1
listen,1
listened,1
lists,1
literally,1
lithuania,1
lively,1
longpromised,1
lobbyists,1
located,1
lockdown,1
locked,1
locks,1
logic,1
logically,1
logician,1
logistics,1
lolita,1
london,1
longestrunning,1
maintains,1
maker,1
makers,1
mediocrity,1
maverick,1
maya,1
mccarthy,1
mcconnell,1
mccool,1
mcgurty,1
meals,1
measures,1
medal,1
medicaid,1
medicare,1
medication,1
medvedev,1
makeshift,1
meets,1
meghean,1
memorial,1
memoriam,1
mens,1
mentioned,1
mentioning,1
mentors,1
mercedes,1
merge,1
meridian,1
merlot,1
matthew,1
matias,1
math,1
masterminded,1
male,1
manage,1
managed,1
manan,1
mandated,1
mandates,1
mandela,1
manila,1
manuel,1
manufacturers,1
marked,1
markers,1
marks,1
mars,1
marsha,1
marshall,1
marshals,1
marvel,1
mary,1
masaharu,1
masochistically,1
mass,1
massacred,1
massing,1
massive,1
lifethreatening,1
lifelong,1
methodist,1
klux,1
kellyanne,1
kennedy,1
kia,1
kidnapmurder,1
kidnapping,1
kill,1
kilometer,1
kim,1
kitchen,1
kitroeffapril,1
kiyoko,1
klan,1
knew,1
kate,1
knife,1
knives,1
knocked,1
knowing,1
knowingly,1
kongs,1
korea,1
korean,1
kosovars,1
krikorian,1
kyrgyzborn,1
label,1
keaton,1
karvelis,1
lies,1
joshua,1
jerusalem,1
jesus,1
jetliner,1
jett,1
jhabvala,1
jinping,1
joe,1
joked,1
jon,1
jong,1
jose,1
josh,1
journalism,1
kamal,1
journey,1
journeys,1
jrs,1
judging,1
judiciary,1
june,1
justices,1
justified,1
justify,1
kaczynski,1
kahzihnskee,1
kaiser,1
labeled,1
labels,1
lacking,1
lenient,1
leg,1
legacies,1
legend,1
legendary,1
legions,1
legislator,1
legislature,1
legislatures,1
legitimate,1
legitimately,1
leisure,1
lena,1
lenox,1
lacks,1
lesley,1
leslie,1
lesson,1
lethal,1
lethems,1
letter,1
levelheaded,1
leverage,1
levies,1
liberties,1
license,1
lieberman,1
leftist,1
leeway,1
lee,1
abby,1
lag,1
lambasted,1
lamented,1
lamenting,1
landmarks,1
laneclosing,1
language,1
languages,1
larry,1
lasted,1
lasting,1
lastminute,1
lately,1
latvia,1
lauderdale,1
laughed,1
launch,1
launching,1
lavish,1
lawsuits,1
lawyerly,1
lax,1
leaker,1
learn,1
learned,1
metal,1
metoo,1
exhaust,1
onyx,1
offensive,1
offering,1
ohio,1
oil,1
older,1
oldest,1
oldtimers,1
olive,1
olympic,1
olympics,1
onerous,1
onslaught,1
openended,1
oddly,1
operate,1
operates,1
operatic,1
operating,1
operations,1
opportunities,1
opposed,1
opposes,1
opposing,1
opposite,1
oppression,1
optimistic,1
odds,1
october,1
northeast,1
nytopinion,1
nostalgia,1
noticed,1
notion,1
notsosubtle,1
novel,1
novelist,1
novembers,1
nowfamiliar,1
nuanced,1
numerous,1
nurses,1
nythealth,1
obamacare,1
occur,1
obituary,1
objections,1
objects,1
obrador,1
obsequious,1
observation,1
observer,1
obtain,1
obtained,1
occasion,1
occupant,1
occupy,1
opting,1
option,1
orbit,1
pair,1
oversees,1
overt,1
overwhelmed,1
owners,1
ownreuters,1
pace,1
pacifist,1
package,1
packed,1
pact,1
pain,1
painful,1
pairs,1
ordered,1
palestinian,1
panels,1
panic,1
par,1
parcel,1
parent,1
paris,1
park,1
parker,1
parliament,1
participants,1
particularly,1
overpriced,1
overpay,1
overhaul,1
overcome,1
orderly,1
oregons,1
organization,1
organizations,1
original,1
orlando,1
orleans,1
ortega,1
oscarwinning,1
ought,1
ouster,1
ousting,1
outcry,1
outlaw,1
outline,1
outlined,1
outlines,1
outlived,1
outposts,1
outrage,1
outraged,1
outreach,1
outspoken,1
oval,1
oven,1
nose,1
norms,1
mexicoguatemala,1
mooney,1
moderators,1
modest,1
mohammad,1
mohammed,1
mondavi,1
mongolia,1
monitor,1
monsters,1
montalto,1
montana,1
monthly,1
monuments,1
morgan,1
models,1
morrigan,1
moshe,1
mostly,1
motherless,1
motion,1
motley,1
mountains,1
mouth,1
movements,1
movies,1
moving,1
multiday,1
moderate,1
mocked,1
normalization,1
minnesota,1
mexicos,1
middlemarket,1
midst,1
mile,1
militarizes,1
militarizing,1
milliken,1
millions,1
mills,1
mind,1
mine,1
minimumsecurity,1
minority,1
mobilization,1
miracles,1
mirror,1
misattributed,1
misbegotten,1
missile,1
missions,1
misstated,1
misuses,1
mitch,1
mix,1
mixed,1
mnuchins,1
multimedia,1
multiple,1
multipronged,1
newsroom,1
negron,1
neighboring,1
neighbors,1
neither,1
nelson,1
nepotism,1
nerd,1
ness,1
net,1
netanyahu,1
neverending,1
newly,1
nfl,1
mulvaney,1
nfls,1
nhl,1
nieto,1
ningxia,1
nixon,1
noah,1
nobody,1
nominee,1
none,1
nonetheless,1
nonpartisan,1
norm,1
negociants,1
neednt,1
neatly,1
neardaily,1
mummy,1
murphy,1
museums,1
mushrooming,1
musical,1
musicians,1
musings,1
muslims,1
mustafas,1
myron,1
nadja,1
names,1
naomi,1
narcoterrorist,1
narendra,1
narrowing,1
nat,1
natalie,1
nationalist,1
nationalists,1
nationally,1
natoenabled,1
natos,1
nazis,1
nbcs,1
jerry,1
jeopardy,1
jeopardize,1
funeral,1
fugitive,1
fulfilled,1
fulfilling,1
fully,1
fun,1
functioning,1
functions,1
fund,1
fundamental,1
funders,1
fundraiser,1
fundraisers,1
furious,1
fueled,1
gain,1
gains,1
gambino,1
games,1
gangsters,1
garth,1
gases,1
gaslighting,1
gasset,1
gauge,1
gaunt,1
gaza,1
fuelefficient,1
fueleconomy,1
formal,1
frankly,1
formulated,1
fortunately,1
forum,1
forums,1
fossil,1
fought,1
founding,1
fraction,1
franc,1
francis,1
francisco,1
frankbruni,1
fraudulent,1
fuelburning,1
freetrade,1
freeze,1
freifeld,1
freking,1
frequent,1
frequented,1
friedman,1
friend,1
fronts,1
frozen,1
frustrated,1
frustrating,1
gee,1
geek,1
genesis,1
governmentwide,1
goldman,1
golfed,1
gonzaga,1
goodall,1
goodbye,1
goode,1
goodnoughapril,1
gorging,1
gorsuch,1
gotten,1
governing,1
governmentrun,1
governor,1
geoffrey,1
governors,1
governs,1
grabbing,1
graces,1
gradually,1
graduate,1
graduated,1
graft,1
grant,1
grants,1
grape,1
grapple,1
gold,1
godwinslaw,1
godwin,1
glowing,1
geography,1
georgetown,1
georgia,1
german,1
germany,1
geronimo,1
gerrymandered,1
gesture,1
geyserville,1
ghoulish,1
gibson,1
giftgiving,1
gigantic,1
gilded,1
gilpin,1
ginger,1
giovanni,1
girl,1
gives,1
glaring,1
glasses,1
globe,1
gloria,1
glories,1
glory,1
forming,1
form,1
jennifer,1
fashion,1
facing,1
factchecked,1
faction,1
factored,1
factors,1
fad,1
fairness,1
fakers,1
FALSE,1
fame,1
familiar,1
farrago,1
fast,1
facade,1
fasttrack,1
fault,1
favorably,1
favorites,1
fear,1
feared,1
fearful,1
featured,1
fedex,1
fees,1
fell,1
felled,1
facetoface,1
extra,1
forgiven,1
experiments,1
exhausted,1
exhaustion,1
exist,1
existed,1
exists,1
expanding,1
expectorations,1
expelled,1
expelling,1
expense,1
experiences,1
experimental,1
explains,1
extent,1
exploit,1
exploited,1
exploits,1
exploring,1
export,1
exporters,1
expos,1
exposed,1
expressing,1
expulsions,1
exspys,1
extensive,1
feminism,1
feminist,1
fetah,1
followup,1
floated,1
floor,1
florida,1
flows,1
flying,1
flynns,1
focused,1
fogarty,1
folkrock,1
folks,1
followers,1
follows,1
foot,1
fettuccine,1
football,1
foothills,1
foothold,1
footing,1
footprintbased,1
forbes,1
forbidden,1
forcing,1
forensic,1
foresees,1
forever,1
forget,1
flexibility,1
flew,1
fleetwide,1
fled,1
fiction,1
fictions,1
fief,1
fierce,1
fights,1
figueroa,1
file,1
filipino,1
filling,1
finalizing,1
finance,1
finances,1
financial,1
finds,1
finest,1
fingers,1
finish,1
firefighter,1
firmest,1
fiscal,1
fixated,1
flanked,1
flareup,1
flashes,1
flatfooted,1
grappling,1
grateful,1
gray,1
individual,1
incarceration,1
incentives,1
incident,1
inclusion,1
incoherence,1
increased,1
increases,1
incumbents,1
indias,1
indication,1
indignant,1
indirectly,1
individuals,1
inaction,1
indomitable,1
ineffective,1
inertia,1
inevitably,1
inferior,1
infinite,1
infirmary,1
inflows,1
influenced,1
influential,1
informed,1
informs,1
inauguration,1
inability,1
greater,1
illnesses,1
hypotheticals,1
ibrahim,1
ideal,1
identified,1
idrees,1
ignorance,1
ignore,1
ignored,1
iii,1
ileana,1
illegally,1
illicit,1
imagines,1
improving,1
imagining,1
immediate,1
impels,1
impending,1
imperfectly,1
implemented,1
implosion,1
importing,1
impose,1
impression,1
imprisoned,1
improperly,1
ingroups,1
initiated,1
initiative,1
iraqi,1
intimidated,1
intolerant,1
introduced,1
investigate,1
investigating,1
investigators,1
invite,1
involve,1
involvement,1
iowa,1
iran,1
irans,1
iraqsyria,1
injuries,1
irresponsibly,1
isachenkov,1
isolation,1
issa,1
items,1
iterations,1
jail,1
jam,1
jamie,1
jane,1
jason,1
jennie,1
interracial,1
intern,1
intermediaries,1
interesting,1
inland,1
innovation,1
input,1
inquiries,1
inquiry,1
insane,1
inserted,1
insist,1
insisted,1
insists,1
inspiration,1
inspired,1
instagram,1
instances,1
instincts,1
institution,1
institutional,1
insults,1
integration,1
intellectual,1
intelligent,1
intent,1
intentionally,1
intentions,1
interconnected,1
hypothetically,1
hypocritical,1
hypercoordination,1
harel,1
handwringing,1
hanged,1
hanging,1
hangout,1
hannity,1
harassment,1
harbour,1
hardest,1
hardestcontested,1
hardline,1
hardliners,1
hardly,1
harmonized,1
hearing,1
harmony,1
harry,1
harvard,1
harvesting,1
hashim,1
hastily,1
hate,1
hated,1
haunt,1
hauptmann,1
hayley,1
headlines,1
handover,1
handbooks,1
hammers,1
hamburger,1
greatly,1
green,1
greeted,1
greg,1
gregorio,1
grieving,1
griffith,1
grit,1
groves,1
grow,1
growers,1
grows,1
grudgingly,1
guangzhou,1
guarantee,1
guardedness,1
gunmen,1
gunned,1
gunshot,1
guy,1
gyrations,1
halfcentury,1
halfcenturyold,1
halfdozen,1
halting,1
healthy,1
hearst,1
hygiene,1
houses,1
homma,1
honduran,1
hone,1
honestly,1
honorary,1
honored,1
hopkinsapril,1
horne,1
horrors,1
hospitalization,1
hotels,1
housed,1
httpapnewskbxbd,1
heartmuscle,1
httpbitlyjbhlu,1
httpbitlyjpexyr,1
httpsapnewscomtagmartinlutherkingjr,1
huge,1
humanity,1
humans,1
humiliation,1
hung,1
hunt,1
hurdle,1
hybrid,1
hyde,1
homes,1
homemade,1
homegrown,1
hollywood,1
hearts,1
heathrow,1
heating,1
heaviest,1
heavy,1
heckler,1
height,1
helan,1
helene,1
hello,1
henson,1
heroes,1
heroic,1
hide,1
higgins,1
highest,1
highhanded,1
highlights,1
highly,1
hiring,1
hiroko,1
historically,1
hitler,1
holds,1
holiday,1
zwaan,1
